Measured percentage mortality improvement factors,,,,,,,,,
,Males,,Females,,,,,,
Age,25 year,125 year,25 year ,125 year,,,,,
0,-2.3067,-2.7797,-2.0733,-2.7682,,,,,
1,-3.9406,-3.8038,-3.2556,-3.7445,,,,,
2,-3.7302,-3.1589,-3.4173,-3.5187,,,,,
3,-3.6344,-3.0657,-3.2458,-3.2396,,,,,
4,-3.5898,-3.1150,-2.9037,-3.1351,,,,,
5,-3.4909,-3.0727,-2.6432,-3.0433,,,,,
6,-3.2797,-2.9667,-2.5601,-2.9772,,,,,
7,-3.0312,-2.8695,-2.6464,-2.9488,,,,,
8,-2.8339,-2.7852,-2.8594,-2.9241,,,,,
9,-2.7003,-2.7307,-3.0877,-2.8678,,,,,
10,-2.6083,-2.6633,-3.2146,-2.7842,,,,,
11,-2.4952,-2.5555,-3.1805,-2.6549,,,,,
12,-2.3700,-2.4336,-2.9684,-2.5180,,,,,
13,-2.2621,-2.3101,-2.5914,-2.4136,,,,,
14,-2.1971,-2.1721,-2.1576,-2.3423,,,,,
15,-2.2007,-2.0259,-1.8171,-2.2779,,,,,
16,-2.2937,-1.8180,-1.6956,-2.2171,,,,,
17,-2.4748,-1.6793,-1.8015,-2.1567,,,,,
18,-2.7106,-1.6418,-2.0622,-2.1489,,,,,
19,-2.8875,-1.6535,-2.2432,-2.1639,,,,,
20,-2.9700,-1.6806,-2.2398,-2.1845,,,,,
21,-2.9579,-1.7065,-2.0364,-2.2284,,,,,
22,-2.8872,-1.7290,-1.7909,-2.2777,,,,,
23,-2.7971,-1.7483,-1.6596,-2.3253,,,,,
24,-2.7025,-1.7688,-1.6251,-2.3698,,,,,
25,-2.6087,-1.7726,-1.6481,-2.4021,,,,,
26,-2.5190,-1.7750,-1.6942,-2.4289,,,,,
27,-2.4335,-1.7762,-1.7326,-2.4329,,,,,
28,-2.3520,-1.7680,-1.7580,-2.4160,,,,,
29,-2.2742,-1.7557,-1.7707,-2.3940,,,,,
30,-2.1980,-1.7497,-1.7663,-2.3761,,,,,
31,-2.1212,-1.7443,-1.7397,-2.3564,,,,,
32,-2.0424,-1.7352,-1.6866,-2.3366,,,,,
33,-1.9609,-1.7302,-1.6061,-2.3079,,,,,
34,-1.8758,-1.7251,-1.5005,-2.2759,,,,,
35,-1.7868,-1.7162,-1.3821,-2.2358,,,,,
36,-1.6934,-1.7032,-1.2636,-2.1872,,,,,
37,-1.5958,-1.6851,-1.1510,-2.1404,,,,,
38,-1.4949,-1.6637,-1.0490,-2.0859,,,,,
39,-1.3916,-1.6381,-0.9615,-2.0177,,,,,
40,-1.2878,-1.6091,-0.8898,-1.9335,,,,,
41,-1.1867,-1.5771,-0.8358,-1.8488,,,,,
42,-1.0920,-1.5452,-0.8013,-1.7792,,,,,
43,-1.0076,-1.5196,-0.7873,-1.7272,,,,,
44,-0.9371,-1.4941,-0.7935,-1.6929,,,,,
45,-0.8838,-1.4686,-0.8160,-1.6612,,,,,
46,-0.8568,-1.4442,-0.8532,-1.6264,,,,,
47,-0.8633,-1.4170,-0.9039,-1.5907,,,,,
48,-0.8963,-1.3899,-0.9660,-1.5613,,,,,
49,-0.9469,-1.3665,-1.0373,-1.5327,,,,,
50,-1.0116,-1.3471,-1.1150,-1.5073,,,,,
51,-1.0872,-1.3307,-1.1975,-1.4853,,,,,
52,-1.1706,-1.3147,-1.2832,-1.4643,,,,,
53,-1.2596,-1.3006,-1.3691,-1.4516,,,,,
54,-1.3521,-1.2885,-1.4516,-1.4435,,,,,
55,-1.4465,-1.2818,-1.5275,-1.4377,,,,,
56,-1.5425,-1.2746,-1.5940,-1.4326,,,,,
57,-1.6403,-1.2668,-1.6497,-1.4267,,,,,
58,-1.7406,-1.2587,-1.6970,-1.4234,,,,,
59,-1.8437,-1.2497,-1.7438,-1.4222,,,,,
60,-1.9499,-1.2427,-1.7962,-1.4228,,,,,
61,-2.0584,-1.2376,-1.8466,-1.4203,,,,,
62,-2.1684,-1.2347,-1.8901,-1.4162,,,,,
63,-2.2778,-1.2341,-1.9404,-1.4107,,,,,
64,-2.3833,-1.2341,-1.9976,-1.4035,,,,,
65,-2.4809,-1.2342,-2.0621,-1.3945,,,,,
66,-2.5666,-1.2283,-2.1417,-1.3863,,,,,
67,-2.6373,-1.2130,-2.2028,-1.3740,,,,,
68,-2.6905,-1.1899,-2.2138,-1.3496,,,,,
69,-2.7249,-1.1589,-2.1989,-1.3231,,,,,
70,-2.7395,-1.1208,-2.1899,-1.3035,,,,,
71,-2.7337,-1.0854,-2.1910,-1.2900,,,,,
72,-2.7090,-1.0672,-2.1931,-1.2805,,,,,
73,-2.6676,-1.0598,-2.1872,-1.2738,,,,,
74,-2.6159,-1.0485,-2.1730,-1.2683,,,,,
75,-2.5604,-1.0341,-2.1532,-1.2614,,,,,
76,-2.5054,-1.0176,-2.1322,-1.2501,,,,,
77,-2.4508,-0.9992,-2.1101,-1.2293,,,,,
78,-2.3951,-0.9752,-2.0837,-1.1973,,,,,
79,-2.3353,-0.9467,-2.0425,-1.1605,,,,,
80,-2.2686,-0.9147,-1.9826,-1.1200,,,,,
81,-2.1928,-0.8795,-1.9038,-1.0736,,,,,
82,-2.1058,-0.8434,-1.8126,-1.0252,,,,,
83,-2.0052,-0.8031,-1.7155,-0.9761,,,,,
84,-1.8900,-0.7591,-1.6137,-0.9227,,,,,
85,-1.7605,-0.7123,-1.5094,-0.8651,,,,,
86,-1.6180,-0.6611,-1.4046,-0.8060,,,,,
87,-1.4639,-0.6086,-1.2970,-0.7458,,,,,
88,-1.2996,-0.5551,-1.1833,-0.6853,,,,,
89,-1.1248,-0.5013,-1.0613,-0.6263,,,,,
90,-0.9381,-0.4496,-0.9303,-0.5703,,,,,
91,-0.7390,-0.4031,-0.7889,-0.5177,,,,,
92,-0.5315,-0.3639,-0.6359,-0.4702,,,,,
93,-0.3265,-0.3334,-0.4764,-0.4283,,,,,
94,-0.1346,-0.3114,-0.3175,-0.3933,,,,,
95,0.0000,-0.2962,-0.1651,-0.3668,,,,,
96,0.0000,-0.2867,-0.0241,-0.3489,,,,,
97,0.0000,-0.2810,0.0000,-0.3403,,,,,
98,0.0000,-0.2764,0.0000,-0.3405,,,,,
99,0.0000,-0.2886,0.0000,-0.3593,,,,,
100,0.0000,-0.3280,0.0000,-0.4022,,,,,
101,0.0000,0.0000,0.0000,0.0000,,,,,
102,0.0000,0.0000,0.0000,0.0000,,,,,
103,0.0000,0.0000,0.0000,0.0000,,,,,
104,0.0000,0.0000,0.0000,0.0000,,,,,
105,0.0000,0.0000,0.0000,0.0000,,,,,
106,0.0000,0.0000,0.0000,0.0000,,,,,
107,0.0000,0.0000,0.0000,0.0000,,,,,
108,0.0000,0.0000,0.0000,0.0000,,,,,
109,0.0000,0.0000,0.0000,0.0000,,,,,
110,0.0000,0.0000,0.0000,0.0000,,,,,
